{"X.cluster_0": {"christian": 8.1205, "week": 7.0614, "like": 5.5427, "doesn": 3.7417, "\u00e9": 3.7005, "ago": 3.6238, "didn": 3.5533}, "X.cluster_1": {"crasseuxjournaleux": 37.6528, "squatteur": 32.4154, "maison": 30.4721, "zemmour": 28.0017, "squatter": 26.9823, "propri\u00e9t\u00e9": 22.3695, "garedunord": 19.9524, "\u00e9gorgement": 19.3739, "\u00e9gorger": 18.3489, "racaille": 16.2082, "islam": 15.855, "virer": 14.3115, "retrait\u00e9": 13.7722, "obono": 13.4994, "cumulent": 13.0388, "barbu": 12.9274, "policier": 12.5411, "migrant": 12.0752, "eric": 11.5764, "nord": 11.3697, "musulman": 11.3625, "ins\u00e9curit\u00e9": 11.2716, "aur\u00e9lia": 10.822000000000001, "sartrouville": 10.822000000000001, "assassiner": 10.7801, "loi": 10.6546, "banquier": 10.3408, "voyou": 10.2258, "homme": 10.1579, "gar": 9.9789, "agresser": 9.8681, "islamiste": 9.5343, "commissariat": 9.2245, "birmingham": 8.9953, "france": 8.867, "macron": 8.7454, "criminel": 8.6226, "victime": 8.3837, "commettre": 8.2066, "henri": 8.189, "immigr\u00e9": 7.6992, "squat": 7.6864, "droit": 7.6691, "boycotter": 7.6666, "d\u00e9linquant": 7.6666, "d\u00e9gager": 7.6651, "blesser": 7.6173, "menacer": 7.4583, "oser": 7.3962, "recevoir": 7.2637, "th\u00e9oule": 7.2402, "coupe_gorge": 7.2271, "ministre": 7.0899, "sondage": 7.0895, "exercer": 7.0268, "ademo": 7.0093, "coup": 6.7199, "chauffeur": 6.6395, "\u00e9": 6.6355, "sentiment": 6.2279, "dupont": 6.1636, "\u00e9ric": 6.1169, "arme": 5.9909, "terrorisme": 5.9706, "justice": 5.9071, "sou": 5.8227, "r\u00e9cup\u00e9rer": 5.6625, "mer": 5.4912, "malbrunot": 5.4536, "patriote": 5.4526, "drogue": 5.3566, "hezbollah": 5.3488, "nuit": 5.2621, "apprendre": 5.2501, "europ\u00e9en": 5.1387, "georges": 5.0353, "balance": 4.9027, "brave": 4.8052, "fran\u00e7ais": 4.7481, "retrouver": 4.739, "fantasme": 4.5697, "valeursactuelles": 4.527, "soeur": 4.5137, "marine": 4.4872, "individu": 4.4872, "coran": 4.4568, "accuse": 4.2784, "tourner": 4.2784, "b\u00e9n\u00e9fice": 4.2503, "id\u00e9ologie": 4.1409, "commission": 4.1409, "dir": 4.1197, "menace": 4.0451, "condamner": 4.0335, "flash": 4.0335, "terre": 3.9469, "coll\u00e8gue": 3.9359, "moretti": 3.929, "jeune": 3.8566, "dupondmoretti": 3.8529, "famille": 3.8004, "immigration": 3.7279, "traor\u00e9": 3.7218, "t\u00e9moigner": 3.6623, "denis": 3.6467, "interpellation": 3.593, "bus": 3.5588, "acheter": 3.5588, "compte": 3.5287, "cochin": 3.4895, "arrestation": 3.4895, "attendant": 3.4672, "\u00e9craser": 3.4672, "assassin": 3.4672, "pen": 3.3572, "occuper": 3.3464, "permanence": 3.3133, "barkhane": 3.3133, "violer": 3.3114, "d\u00e9linquance": 3.2775, "prison": 3.2317, "agresseur": 3.2131, "d\u00e9fense": 3.1652, "tuer": 3.1635, "religion": 3.1321, "libert\u00e9": 3.1168, "al": 3.1105, "cnews": 3.0598, "av": 3.0598}, "X.cluster_2": {"assange": 19.637, "benalla": 17.2295, "julian": 12.6648, "rencontrer": 11.3549, "alexandre": 9.8686, "politique": 9.3003, "julianassange": 9.2165, "secr\u00e8tement": 9.1426, "membre": 8.809, "valeur": 8.5769, "extr\u00eame": 8.4741, "chef": 8.3592, "actuel": 8.2126, "afp": 7.95, "graeber": 7.7928, "droite": 7.771, "yves": 7.4668, "extradition": 7.0468, "giletsjaunes": 6.8619, "rn": 6.8226, "raciste": 6.784, "racisme": 6.3731, "asile": 6.2721, "mai": 6.2423, "elys\u00e9e": 6.1566, "jean": 5.8627, "gilet": 5.542000000000001, "info": 5.3819, "david": 5.3166, "montpellier": 5.3078, "anthropologue": 5.2995, "enqu\u00eate": 5.0301, "parquet": 4.8805, "premier": 4.7552, "africain": 4.7017, "darmanin": 4.6536, "papier": 4.6037, "accorder": 4.3492, "nouveau": 4.2656, "soutien": 4.1675, "gouvernement": 4.1657, "opposer": 4.1336, "macron": 3.9916, "recruter": 3.8882, "nommer": 3.8361, "parler": 3.8306, "pr\u00e9sidentiel": 3.7351, "journaliste": 3.7295, "pr\u00e9sident": 3.6537, "fournir": 3.6297, "h\u00f4tel": 3.4875, "nomination": 3.4875, "r\u00e9publicain": 3.4364, "12septembre": 3.4054, "mutil\u00e9": 3.3688, "placer": 3.3057, "d\u00e9fendre": 3.2932, "jaune": 3.2916, "dani\u00e8le": 3.242, "examen": 3.1996, "proc\u00e8s": 3.1419, "journalist": 3.1413, "livre": 3.1334, "peuple": 3.1148, "r\u00e9pondre": 3.1132, "parlementaire": 3.0689}, "X.cluster_3": {"hydroxychloroquine": 29.8533, "raoult": 27.9323, "analyse": 23.1044, "ihu": 23.0988, "traitement": 22.7758, "m\u00e9ta": 18.1897, "gilead": 16.768, "covid": 16.6732, "hcq": 16.3531, "litt\u00e9rature": 15.4692, "marseille": 15.2815, "g\u00e9nomes": 15.0847, "conclusion": 14.325999999999999, "rapp": 14.323, "revue": 14.0421, "\u00e9tude": 13.5754, "pr": 13.4849, "pr\u00e9l\u00e8vement": 13.2428, "scientifique": 13.2268, "bioinformatique": 13.1959, "isol\u00e9": 12.4112, "patien": 12.1144, "infection": 12.0497, "virus": 12.0385, "remdesivir": 11.2796, "patient": 10.7721, "blachier": 10.6406, "fraude": 10.2666, "spilf": 9.8618, "professeur": 8.913, "grippe": 8.8525, "efficacit\u00e9": 8.6392, "ligne": 8.6021, "inclure": 8.3308, "maladie": 8.1909, "savant": 8.0302, "article": 7.8704, "pcr": 7.8011, "parola": 7.7471, "malade": 7.6728, "m\u00e9decin": 7.3342, "antiphospholipides": 7.1092, "fr\u00e9quent": 7.1092, "bidonner": 7.0645, "covid19": 6.8099, "marcher": 6.5828, "thread": 6.5307, "lien": 6.5031, "anticorps": 6.3824, "masque": 6.17, "assoc": 5.3939, "vague": 5.2553, "montrer": 5.2278, "int\u00e9r\u00eat": 5.1932, "viral": 5.1921, "r\u00e9ponse": 5.051, "p\u00e9tition": 5.0286, "labo": 4.973, "mettre": 4.9353, "perronne": 4.9152, "d\u00e9c\u00e8s": 4.8514, "tweet": 4.7521, "industrie": 4.6947, "toxicit\u00e9": 4.6832, "risque": 4.6574, "covid_19": 4.6523, "dr": 4.645, "coronavirus": 4.5458, "laboratoire": 4.4376, "tribune": 4.3341, "didier": 4.1748, "faisable": 4.1041, "auteur": 4.0641, "dt": 3.9335, "vaccin": 3.932, "r\u00e9mun\u00e9ration": 3.8755, "partir": 3.8205, "martin": 3.6912, "f": 3.6245, "pharmaceutique": 3.6202, "confirmer": 3.4653, "positive": 3.4508, "grandoral": 3.2957, "deuxi\u00e8me": 3.2554, "dit": 3.241, "moyenne": 3.2343, "personnel": 3.2138, "atteindre": 3.1068, "sud": 3.0848, "pression": 3.057, "entrepri": 3.057}, "X.cluster_5": {"es": 8.2209, "fille": 7.5423, "bonsoir": 7.3646, "viol": 7.1724, "aller": 7.1472, "svp": 6.9039, "champion": 6.0004, "parler": 5.6634, "arriver": 5.4703, "\u00e9quipe": 5.4616, "dispara\u00eetre": 5.1623, "voir": 5.1587, "bonjour": 5.1198, "villeneuve": 4.8187, "grave": 4.6079, "choose": 4.3124, "vraiment": 4.3013, "perdre": 4.1408, "mec": 3.9381, "petite": 3.8317, "bravo": 3.8317, "lyc\u00e9e": 3.7911, "ademo": 3.7711, "joueur": 3.6828, "soeur": 3.4299, "me": 3.3298, "violer": 3.2835, "temp": 3.1386, "aimer": 3.1309, "envie": 3.1017, "chercher": 3.0612, "jouer": 3.0448}, "X.cluster_6": {"trump": 106.8021, "biden": 60.9477, "person": 56.6081, "democrat": 47.2481, "mask": 41.038999999999994, "know": 38.1444, "amp": 36.6421, "america": 36.0296, "year": 35.4593, "job": 32.8443, "vote": 31.7782, "president": 31.5398, "joe": 31.2565, "day": 31.1625, "state": 30.5745, "don": 30.2585, "medium": 29.6223, "black": 29.1177, "atlantic": 27.1494, "call": 26.8479, "big": 26.105999999999998, "work": 25.9988, "death": 25.3922, "month": 25.3764, "support": 24.3637, "child": 23.1796, "listen": 23.0598, "country": 22.5312, "story": 22.5312, "like": 22.4868, "americans": 21.9462, "right": 21.3805, "news": 21.1079, "create": 21.0899, "love": 20.8034, "life": 20.3968, "leave": 20.1999, "break": 20.0811, "time": 20.0793, "history": 20.0119, "today": 19.5556, "think": 19.3475, "patriot": 19.0538, "please": 18.6365, "campaign": 18.6081, "attack": 18.0277, "vaccine": 17.6725, "great": 17.6257, "end": 17.6067, "turn": 17.6067, "portland": 17.4591, "government": 17.4591, "need": 17.3998, "even": 17.3759, "white": 17.374000000000002, "tell": 17.008, "police": 16.9123, "come": 16.8226, "war": 16.7221, "thank": 16.7221, "man": 16.4601, "protest": 16.111, "let": 16.111, "night": 15.8125, "god": 15.7785, "blm": 15.2789, "datum": 15.2567, "watch": 15.1645, "china": 14.8432, "run": 14.7494, "power": 14.2048,